,pattern,level,freq
0,[S]-[conj_LNK]-[S]-[PUNCT],1,3195
1,[sn]-[grup.verb]-[sn]-[sp_LNK],1,562
2,[grup.verb]-[sn]-[sp_LNK]-[PUNCT],1,509
3,[grup.verb]-[sn]-[sp_LNK],2,378
4,[sn]-[grup.verb]-[sp_LNK]-[PUNCT],1,325
5,[sp]-[grup.verb]-[sn]-[sp_LNK]-[NUM],1,311
6,[S]-[conj_LNK]-[S],1,292
7,[sn]-[grup.verb]-[sn]-[sp_LNK]-[PUNCT],1,275
8,[grup.verb]-[sn]-[S_LNK]-[PUNCT],1,260
9,[sn]-[grup.verb]-[sp_LNK],2,229
10,[sn]-[grup.verb]-[sn]-[S_LNK]-[PUNCT],1,196
11,[grup.verb]-[sn]-[sp_LNK]-[sn],1,194
12,[sn]-[grup.verb]-[sn]-[sp_LNK],2,170
13,[S]-[PUNCT]-[S_LNK]-[PUNCT],1,141
14,[sn]-[grup.verb]-[S_LNK]-[PUNCT],1,118
15,[grup.verb]-[sn]-[sp_LNK],1,109
16,[S]-[conj_LNK]-[S]-[PUNCT]-[S]-[PUNCT],1,95
17,[sn]-[grup.verb]-[sp_LNK]-[S]-[PUNCT],1,84
18,[sn]-[grup.verb]-[S]-[S_LNK]-[PUNCT],1,77
19,[S]-[conj_LNK]-[S]-[conj]-[S]-[PUNCT],1,70
20,[sp]-[grup.verb]-[sn]-[sp_LNK]-[PUNCT],1,65
21,[S]-[conj_LNK]-[S]-[grup.nom],1,53
22,[sn]-[grup.verb]-[sp_LNK]-[PUNCT],2,53
23,[S]-[conj_LNK]-[S]-[S]-[PUNCT],1,47
24,[sn]-[neg]-[grup.verb]-[sp_LNK]-[PUNCT],1,44
25,[grup.verb]-[sn]-[S_LNK],1,43
26,[sn]-[grup.verb]-[sp_LNK]-[sp]-[PUNCT],1,41
27,[sp]-[grup.verb]-[sn]-[S_LNK]-[PUNCT],1,40
28,[neg]-[grup.verb]-[sn]-[sp_LNK],2,38
29,[neg]-[grup.verb]-[sn]-[S_LNK]-[PUNCT],1,37
30,[grup.verb]-[sn]-[sp_LNK],3,36
31,[sn]-[neg]-[grup.verb]-[sp_LNK],2,35
32,[neg]-[grup.verb]-[sn]-[sp_LNK]-[PUNCT],1,34
33,[sn]-[grup.verb]-[sp_LNK],1,34
34,[S]-[conj_LNK]-[S]-[grup.nom]-[s.a],1,33
35,[grup.verb]-[sn]-[sp_LNK]-[grup.nom],1,28
36,[S]-[conj_LNK]-[S]-[s.a],1,26
37,[sn]-[grup.verb]-[sn]-[sp_LNK]-[S]-[PUNCT],1,25
38,[sn]-[grup.verb]-[sn]-[S_LNK],1,23
39,[sn]-[neg]-[grup.verb]-[sn]-[sp_LNK],2,22
40,[grup.verb]-[sn]-[sp_LNK]-[S]-[PUNCT],1,22
41,[sn]-[grup.verb]-[sp_LNK]-[sn]-[PUNCT],1,21
42,[sn]-[neg]-[grup.verb]-[S_LNK]-[PUNCT],1,20
43,[sp]-[grup.verb]-[sn]-[sp_LNK],2,19
44,[sn]-[grup.verb]-[sp_LNK]-[sadv]-[PUNCT],1,19
45,[S]-[conj]-[S_LNK]-[S]-[PUNCT],1,17
46,[grup.verb]-[sn]-[sp_LNK]-[grup.nom]-[s.a],1,17
47,[sp]-[neg]-[grup.verb]-[sn]-[sp_LNK]-[PUNCT],1,17
48,[grup.verb]-[sn]-[S_LNK]-[conj]-[S]-[PUNCT],1,16
49,[S]-[conj_LNK]-[S]-[PUNCT]-[S],1,16
50,[sn]-[grup.verb]-[sp_LNK]-[sn],2,15
51,[grup.verb]-[sn]-[sp_LNK]-[PUNCT],2,14
52,[sn]-[neg]-[grup.verb]-[sn]-[sp_LNK]-[PUNCT],1,13
53,[grup.verb]-[sn]-[sp_LNK]-[sp]-[PUNCT],1,13
54,[S]-[conj_LNK]-[S]-[PUNCT]-[PUNCT],1,13
55,[sn]-[grup.verb]-[sp_LNK]-[sp],2,12
56,[S]-[PUNCT]-[S_LNK],1,12
57,[grup.verb]-[sn]-[S_LNK],3,12
58,[grup.verb]-[sn]-[sp_LNK]-[S],1,11
59,[sp]-[neg]-[grup.verb]-[sn]-[sp_LNK],2,11
60,[sn]-[neg]-[grup.verb]-[sp_LNK]-[PUNCT],2,11
61,[S]-[conj_LNK]-[S]-[conj]-[S],1,11
62,[sn]-[grup.verb]-[sp_LNK]-[sn],1,11
63,[sn]-[neg]-[grup.verb]-[sn]-[S_LNK]-[PUNCT],1,10
64,[grup.verb]-[sn]-[sp_LNK]-[sp],2,10
65,[grup.verb]-[sn]-[S_LNK]-[PUNCT]-[S]-[PUNCT],1,10
66,[S]-[PUNCT]-[S_LNK]-[PUNCT]-[S]-[PUNCT],1,9
67,[grup.verb]-[sn]-[sp_LNK]-[PUNCT]-[NUM],1,9
68,[sn]-[grup.verb]-[sn]-[sp_LNK]-[sp]-[PUNCT],1,9
69,[grup.verb]-[sn]-[sp_LNK]-[PUNCT],4,8
70,[sp]-[neg]-[grup.verb]-[sn]-[S_LNK]-[PUNCT],1,8
71,[S]-[conj_LNK]-[S]-[PUNCT]-[NUM],1,7
72,[S]-[conj_LNK]-[S]-[grup.nom]-[grup.nom]-[s.a],1,7
73,[sn]-[grup.verb]-[sn]-[sp_LNK]-[grup.nom],1,7
74,[sp]-[grup.verb]-[sn]-[S_LNK],1,7
75,[sn]-[grup.verb]-[sp_LNK],4,7
76,[sp]-[grup.verb]-[sn]-[sp_LNK],1,6
77,[S]-[conj_LNK]-[S]-[S],1,6
78,[sp]-[grup.verb]-[sn]-[sp_LNK]-[S]-[PUNCT],1,6
79,[S]-[conj_LNK]-[S]-[PUNCT]-[S]-[PUNCT]-[S]-[PUNCT],1,6
80,[sn]-[grup.verb]-[sp_LNK]-[sp],1,6
81,[sn]-[grup.verb]-[sp_LNK]-[grup.nom],1,6
82,[S]-[PUNCT]-[S_LNK]-[conj]-[S]-[PUNCT],1,6
83,[sn]-[grup.verb]-[sp_LNK]-[S],1,6
84,[sn]-[grup.verb]-[sp_LNK]-[sp]-[sp]-[PUNCT],1,6
85,[sn]-[grup.verb]-[sn]-[sp_LNK]-[PUNCT],2,6
86,[sp]-[grup.verb]-[sn]-[sp_LNK]-[sp]-[PUNCT],1,6
87,[sn]-[neg]-[grup.verb]-[sn]-[sp_LNK]-[PUNCT],2,5
88,[grup.verb]-[sn]-[sp_LNK]-[sp],1,5
89,[S]-[conj_LNK]-[S]-[NUM],1,5
90,[neg]-[grup.verb]-[sn]-[sp_LNK]-[sp],2,5
91,[grup.verb]-[sn]-[sp_LNK]-[conj]-[grup.verb]-[sn],2,5
92,[neg]-[grup.verb]-[sn]-[S_LNK],1,5
93,[sn]-[grup.verb]-[sn]-[sp_LNK]-[sp],1,5
94,[grup.verb]-[sn]-[sp_LNK]-[grup.nom]-[grup.nom]-[s.a],1,5
95,[sn]-[grup.verb]-[sn]-[sp_LNK]-[grup.nom]-[s.a],1,5
96,[grup.verb]-[sn]-[sp_LNK]-[grup.nom]-[grup.nom],1,5
97,[sn]-[grup.verb]-[sn]-[sp_LNK]-[sn]-[PUNCT],1,5
98,[sn]-[grup.verb]-[sn]-[sp_LNK]-[S],1,4
99,[sn]-[grup.verb]-[sp_LNK]-[sp]-[sn]-[PUNCT],1,4
100,[sn]-[grup.verb]-[sp_LNK]-[S]-[S]-[PUNCT],1,4
101,[sn]-[grup.verb]-[sp_LNK]-[infinitiu]-[sn],2,4
102,[sp]-[grup.verb]-[sn]-[sp_LNK],5,4
103,[sn]-[grup.verb]-[S_LNK]-[S]-[PUNCT],1,4
104,[sn]-[grup.verb]-[sp_LNK]-[S]-[grup.nom],1,4
105,[S]-[conj_LNK]-[S]-[conj]-[S]-[PUNCT]-[S]-[PUNCT],1,4
106,[sn]-[grup.verb]-[S_LNK],1,4
107,[grup.verb]-[sn]-[S_LNK]-[grup.nom]-[s.a],1,4
108,[sn]-[grup.verb]-[sn]-[S_LNK]-[grup.nom]-[s.a],1,4
109,[grup.verb]-[sn]-[S_LNK]-[grup.nom],1,4
110,[S]-[conj_LNK]-[S]-[PROPN],1,4
111,[neg]-[grup.verb]-[sn]-[sp_LNK]-[PUNCT],2,4
112,[S]-[conj_LNK]-[S]-[PUNCT]-[S]-[conj]-[S]-[PUNCT],1,4
113,[sn]-[grup.verb]-[sp_LNK]-[grup.nom]-[s.a],1,4
114,[S]-[conj_LNK]-[S]-[sp]-[PUNCT],1,4
115,[S]-[PUNCT]-[S_LNK]-[conj]-[S]-[PUNCT]-[PUNCT],1,4
116,[neg]-[grup.verb]-[sn]-[sp_LNK],1,4
117,[neg]-[grup.verb]-[sn]-[sp_LNK]-[S]-[PUNCT],1,4
118,[sn]-[grup.verb]-[S]-[S_LNK]-[grup.nom],1,4
119,[S]-[conj_LNK]-[S]-[S]-[grup.nom],1,3
120,[sn]-[grup.verb]-[S_LNK]-[grup.nom]-[s.a],1,3
121,[S]-[conj_LNK]-[S]-[S]-[conj]-[S]-[PUNCT],1,3
122,[grup.verb]-[sn]-[S_LNK]-[s.a],1,3
123,[sn]-[grup.verb]-[sn]-[S_LNK]-[conj]-[S]-[PUNCT],1,3
124,[sn]-[neg]-[grup.verb]-[S]-[S_LNK]-[PUNCT],1,3
125,[S]-[PUNCT]-[S_LNK]-[PUNCT]-[S]-[conj]-[S]-[PUNCT],1,3
126,[sp]-[neg]-[grup.verb]-[sn]-[sp_LNK]-[PUNCT],2,3
127,[S]-[conj_LNK]-[S]-[PUNCT]-[sn]-[PUNCT],1,3
128,[sn]-[grup.verb]-[S]-[S_LNK]-[S]-[PUNCT],1,3
129,[sp]-[grup.verb]-[sn]-[sp_LNK]-[sn],2,3
130,[grup.verb]-[sn]-[sp_LNK]-[conj]-[sp],2,3
131,[S]-[conj_LNK]-[S]-[conj]-[sn]-[PUNCT],1,3
132,[S]-[conj_LNK]-[S]-[S]-[PUNCT]-[conj]-[S]-[PUNCT],1,3
133,[grup.verb]-[sn]-[sp_LNK]-[PROPN],1,3
134,[sn]-[neg]-[grup.verb]-[sp_LNK]-[sp]-[PUNCT],1,3
135,[sn]-[grup.verb]-[sp_LNK]-[sn]-[S]-[PUNCT],1,3
136,[grup.verb]-[sn]-[sp_LNK]-[NUM],1,3
137,[S]-[conj_LNK]-[S]-[NOUN],1,3
138,[grup.verb]-[sn]-[sp_LNK]-[sn]-[PUNCT],1,3
139,[S]-[PUNCT]-[S_LNK]-[S]-[PUNCT],1,3
140,[grup.verb]-[sn]-[sp_LNK]-[PUNCT]-[S]-[PUNCT],1,3
141,[grup.verb]-[sn]-[sp_LNK]-[sn],2,3
142,[S]-[conj_LNK]-[S]-[PUNCT]-[PUNCT]-[S]-[PUNCT],1,3
143,[sn]-[grup.verb]-[S]-[S_LNK]-[PROPN],1,3
144,[sn]-[grup.verb]-[sp_LNK]-[NUM],1,3
145,[S]-[conj_LNK]-[S]-[grup.nom]-[grup.nom],1,3
146,[grup.verb]-[sn]-[sp_LNK]-[PUNCT]-[conj]-[S]-[PUNCT],1,2
147,[sp]-[grup.verb]-[sn]-[sp_LNK],4,2
148,[neg]-[grup.verb]-[sn]-[sp_LNK],4,2
149,[sn]-[grup.verb]-[sn]-[S_LNK]-[S]-[PUNCT],1,2
150,[grup.verb]-[sn]-[sp_LNK]-[sadv]-[PUNCT],1,2
151,[sn]-[grup.verb]-[sn]-[sp_LNK]-[S]-[s.a],1,2
152,[sn]-[grup.verb]-[sp_LNK]-[grup.verb]-[sn],2,2
153,[S]-[conj_LNK]-[S]-[PUNCT]-[S]-[S],1,2
154,[sn]-[grup.verb]-[sp_LNK]-[sadv]-[S]-[PUNCT],1,2
155,[sn]-[grup.verb]-[sp_LNK]-[conj]-[sp],2,2
156,[sn]-[neg]-[grup.verb]-[sp_LNK]-[S],3,2
157,[S]-[PUNCT]-[S_LNK]-[grup.nom]-[grup.nom],1,2
158,[sp]-[grup.verb]-[sn]-[S_LNK],3,2
159,[grup.verb]-[sn]-[S_LNK]-[S],1,2
160,[sp]-[grup.verb]-[sn]-[S_LNK]-[conj]-[S]-[PUNCT],1,2
161,[sn]-[grup.verb]-[sn]-[sp_LNK]-[sp]-[S]-[PUNCT],1,2
162,[sn]-[grup.verb]-[sp_LNK],5,2
163,[S]-[PUNCT]-[S_LNK]-[S]-[S]-[PUNCT],1,2
164,[grup.verb]-[sn]-[sp_LNK],5,2
165,[sn]-[grup.verb]-[S_LNK]-[sn]-[PUNCT],1,2
166,[grup.verb]-[sn]-[sp_LNK]-[grup.verb]-[sn],2,2
167,[sp]-[grup.verb]-[sn]-[sp_LNK]-[sn]-[PUNCT],1,2
168,[sn]-[grup.verb]-[sn]-[sp_LNK]-[PUNCT]-[PUNCT],1,2
169,[grup.verb]-[sn]-[sp_LNK]-[infinitiu]-[sn],2,2
170,[sn]-[grup.verb]-[sp_LNK]-[PROPN],1,2
171,[sn]-[grup.verb]-[sp_LNK],6,2
172,[sn]-[grup.verb]-[S]-[S_LNK]-[s.a],1,2
173,[S]-[conj_LNK]-[S]-[conj]-[S]-[S]-[PUNCT],1,2
174,[sn]-[grup.verb]-[S]-[S_LNK],1,2
175,[sn]-[grup.verb]-[sp_LNK]-[S]-[grup.nom]-[s.a],1,2
176,[sn]-[grup.verb]-[sn]-[sp_LNK],4,2
177,[sn]-[grup.verb]-[S_LNK]-[sp]-[PUNCT],1,2
178,[sn]-[grup.verb]-[sp_LNK]-[conj]-[sn],2,2
179,[sn]-[grup.verb]-[sn]-[sp_LNK]-[sn],1,2
180,[grup.verb]-[sn]-[sp_LNK]-[conj]-[sn],2,2
181,[sn]-[grup.verb]-[sn]-[sp_LNK]-[PUNCT]-[S]-[PUNCT],1,2
182,[neg]-[grup.verb]-[sn]-[sp_LNK],3,2
183,[sn]-[grup.verb]-[sp_LNK]-[sp]-[PUNCT],2,2
184,[sn]-[neg]-[grup.verb]-[sp_LNK],1,2
185,[sn]-[grup.verb]-[sn]-[sp_LNK]-[sp]-[sp]-[PUNCT],1,2
186,[grup.verb]-[sn]-[sp_LNK],7,2
187,[S]-[PUNCT]-[S_LNK]-[s.a],1,2
188,[grup.verb]-[sn]-[sp_LNK]-[s.a],1,2
189,[S]-[conj_LNK]-[S]-[sn]-[PUNCT],1,2
190,[S]-[conj_LNK]-[S]-[PUNCT]-[conj]-[S]-[PUNCT],1,2
191,[S]-[conj_LNK]-[S]-[conj]-[S]-[grup.nom]-[s.a],1,2
192,[S]-[PUNCT]-[S_LNK]-[PUNCT]-[NOUN],1,2
193,[grup.verb]-[sn]-[S_LNK]-[S]-[PUNCT],1,2
194,[grup.verb]-[sn]-[S_LNK],8,2
195,[sn]-[grup.verb]-[S]-[S_LNK]-[grup.nom]-[s.a],1,2
196,[grup.verb]-[sn]-[sp_LNK]-[conj]-[S]-[PUNCT],1,2
197,[grup.verb]-[sn]-[sp_LNK]-[S]-[PUNCT]-[S]-[PUNCT],1,2
198,[sn]-[grup.verb]-[S_LNK]-[ADJ],1,2
199,[neg]-[grup.verb]-[sn]-[S_LNK]-[conj]-[S]-[PUNCT],1,2
200,[grup.verb]-[sn]-[sp_LNK]-[neg],2,2
201,[sn]-[neg]-[grup.verb]-[sn]-[sp_LNK],1,2
202,[sn]-[grup.verb]-[sn]-[sp_LNK]-[conj]-[grup.verb]-[sn],2,2
203,[grup.verb]-[sn]-[sp_LNK],4,2
204,[sn]-[grup.verb]-[S_LNK]-[grup.nom],1,2
205,[sn]-[grup.verb]-[sn]-[sp_LNK]-[s.a],1,2
206,[grup.verb]-[sn]-[sp_LNK]-[conj],2,2
207,[S]-[conj_LNK]-[S]-[PUNCT]-[S]-[S]-[PUNCT],1,2
208,[sn]-[neg]-[grup.verb]-[sn]-[sp_LNK]-[S]-[PUNCT],1,2
209,[S]-[conj_LNK]-[S]-[S]-[S]-[PUNCT],1,2
210,[S]-[conj_LNK]-[S]-[conj]-[S]-[conj]-[S]-[PUNCT],1,2
211,[S]-[PUNCT]-[S_LNK]-[grup.nom]-[s.a],1,2
212,[sn]-[grup.verb]-[sn]-[sp_LNK]-[S]-[S]-[PUNCT],1,1
213,[S]-[conj_LNK]-[S]-[PUNCT]-[PUNCT]-[PUNCT],1,1
214,[sn]-[grup.verb]-[sp_LNK]-[conj]-[sp]-[neg]-[morfema.verbal]-[grup.verb]-[PUNCT]-[conj]-[sn]-[grup.verb]-[sp]-[conj]-[sn]-[sp],2,1
215,[sn]-[grup.verb]-[sp_LNK]-[conj]-[grup.verb]-[infinitiu]-[conj]-[sn]-[sn]-[grup.verb]-[conj]-[neg]-[grup.verb]-[sp]-[PUNCT]-[sadv]-[sn],2,1
216,[grup.verb]-[sn]-[sp_LNK]-[grup.verb]-[s.a]-[sn],2,1
217,[neg]-[grup.verb]-[sn]-[sp_LNK]-[PUNCT]-[grup.verb]-[sp]-[sp],2,1
218,[S]-[conj_LNK]-[S]-[grup.nom]-[grup.a],1,1
219,[S]-[conj_LNK]-[S]-[PUNCT]-[S]-[s.a],1,1
220,[S]-[conj_LNK]-[S]-[conj]-[S]-[grup.nom],1,1
221,[S]-[conj_LNK]-[S]-[S]-[PUNCT]-[S]-[PUNCT]-[S]-[PUNCT],1,1
222,[sn]-[grup.verb]-[sp_LNK]-[infinitiu]-[s.a]-[sn]-[PUNCT]-[sadv]-[grup.verb]-[conj]-[grup.verb]-[PUNCT],2,1
223,[sn]-[grup.verb]-[sn]-[sp_LNK]-[grup.verb]-[s.a]-[sp],2,1
224,[grup.verb]-[sn]-[S_LNK]-[grup.nom]-[grup.nom],1,1
225,[sn]-[grup.verb]-[sn]-[sp_LNK]-[grup.verb]-[sn]-[sn]-[grup.verb]-[sn]-[conj]-[neg]-[sadv],2,1
226,[grup.verb]-[sn]-[sp_LNK]-[conj]-[morfema.verbal]-[grup.verb]-[sn]-[sadv]-[morfema.pronominal]-[grup.verb]-[sn],2,1
227,[sn]-[grup.verb]-[sn]-[S_LNK]-[grup.nom]-[grup.nom],1,1
228,[sn]-[neg]-[grup.verb]-[sp_LNK]-[infinitiu]-[sn]-[PUNCT]-[conj]-[sn]-[grup.verb]-[sn]-[gerundi]-[sn]-[grup.verb]-[sp],2,1
229,[sn]-[grup.verb]-[sn]-[S_LNK]-[S],1,1
230,[grup.verb]-[sn]-[sp_LNK]-[sn]-[PUNCT]-[grup.verb],2,1
231,[sn]-[grup.verb]-[sp_LNK]-[conj]-[sn]-[grup.verb]-[sn],2,1
232,[sn]-[grup.verb]-[sp_LNK]-[conj]-[sn]-[grup.verb]-[sadv],2,1
233,[sn]-[neg]-[grup.verb]-[sn]-[sp_LNK]-[conj]-[sn]-[morfema.pronominal]-[sn]-[grup.verb],4,1
234,[sn]-[grup.verb]-[sn]-[sp_LNK]-[grup.verb]-[sn],2,1
235,[sn]-[grup.verb]-[sp_LNK]-[conj]-[grup.verb]-[sn]-[conj]-[sp]-[grup.verb]-[sn],2,1
236,[sn]-[grup.verb]-[sp_LNK]-[PUNCT]-[PUNCT],1,1
237,[sn]-[grup.verb]-[sn]-[sp_LNK]-[PUNCT]-[infinitiu]-[sn]-[sp]-[sp],2,1
238,[sn]-[grup.verb]-[sp_LNK]-[PUNCT],4,1
239,[sn]-[grup.verb]-[sp_LNK]-[grup.verb]-[infinitiu]-[sn],2,1
240,[sn]-[grup.verb]-[sp_LNK]-[sn]-[inc]-[S]-[PUNCT],1,1
241,[grup.verb]-[sn]-[sp_LNK],8,1
242,[grup.verb]-[sn]-[sp_LNK]-[conj]-[sadv]-[sadv]-[morfema.verbal]-[grup.verb]-[sp],2,1
243,[sn]-[neg]-[grup.verb]-[sn]-[sp_LNK]-[PUNCT]-[sn]-[grup.verb]-[sn]-[PUNCT]-[grup.verb]-[sn]-[PUNCT]-[conj]-[sn],3,1
244,[S]-[PUNCT]-[S_LNK]-[PUNCT]-[S]-[PUNCT]-[NUM],1,1
245,[neg]-[grup.verb]-[sn]-[sp_LNK]-[sn]-[grup.verb]-[neg]-[infinitiu],2,1
246,[sp]-[grup.verb]-[sn]-[sp_LNK],7,1
247,[neg]-[grup.verb]-[sn]-[sp_LNK],11,1
248,[sn]-[grup.verb]-[sp_LNK]-[PUNCT]-[sp]-[morfema.verbal]-[sn]-[grup.verb]-[conj]-[grup.verb]-[sn],2,1
249,[S]-[conj_LNK]-[S]-[PUNCT]-[S]-[PUNCT]-[VERB],1,1
250,[S]-[conj_LNK]-[S]-[PUNCT]-[S]-[conj]-[S]-[inc]-[S]-[conj]-[S]-[PUNCT],1,1
251,[sn]-[grup.verb]-[sn]-[sp_LNK]-[S]-[sp]-[PUNCT],1,1
252,[sn]-[grup.verb]-[sn]-[sp_LNK]-[sadv]-[PUNCT],2,1
253,[sn]-[grup.verb]-[sp_LNK]-[sp],4,1
254,[neg]-[grup.verb]-[sn]-[sp_LNK],7,1
255,[grup.verb]-[sn]-[sp_LNK]-[sn]-[PUNCT],2,1
256,[sn]-[grup.verb]-[sn]-[sp_LNK]-[sn]-[conj]-[sn],2,1
257,[sn]-[neg]-[grup.verb]-[sn]-[sp_LNK]-[PUNCT]-[S]-[PUNCT],1,1
258,[S]-[conj_LNK]-[S]-[inc]-[S]-[conj]-[S]-[PUNCT],1,1
259,[sn]-[grup.verb]-[sp_LNK]-[conj]-[conj]-[sp]-[grup.verb]-[s.a]-[PUNCT]-[sn]-[grup.verb]-[conj]-[neg]-[conj]-[grup.verb]-[inc],2,1
260,[sn]-[grup.verb]-[sp_LNK]-[conj]-[infinitiu]-[sp],9,1
261,[sn]-[neg]-[grup.verb]-[sn]-[sp_LNK]-[PUNCT]-[sn]-[grup.verb]-[sn],2,1
262,[sn]-[grup.verb]-[sp_LNK]-[sn],5,1
263,[S]-[PUNCT]-[S_LNK]-[conj]-[S]-[PUNCT]-[sn]-[PUNCT],1,1
264,[sn]-[grup.verb]-[sn]-[S_LNK],9,1
265,[sn]-[neg]-[grup.verb]-[S_LNK]-[S]-[PUNCT],1,1
266,[grup.verb]-[sn]-[sp_LNK]-[PUNCT]-[conj]-[morfema.verbal]-[grup.verb]-[sn],2,1
267,[S]-[conj_LNK]-[S],3,1
268,[S]-[PUNCT]-[S_LNK]-[PUNCT]-[NUM],1,1
269,[sn]-[grup.verb]-[sn]-[sp_LNK]-[PUNCT],5,1
270,[S]-[conj_LNK]-[S]-[conj]-[S]-[S]-[conj]-[S]-[PUNCT],1,1
271,[sn]-[grup.verb]-[sp_LNK]-[sp]-[conj]-[sp],2,1
272,[grup.verb]-[sn]-[sp_LNK]-[conj]-[sn]-[sadv]-[grup.verb]-[sn],2,1
273,[grup.verb]-[sn]-[sp_LNK]-[conj]-[conj]-[morfema.verbal]-[grup.verb]-[sn],2,1
274,[sn]-[grup.verb]-[sp_LNK]-[sp]-[sp]-[inc],1,1
275,[S]-[conj_LNK]-[S]-[PUNCT]-[S]-[PUNCT]-[S],1,1
276,[sn]-[grup.verb]-[sn]-[sp_LNK]-[grup.verb],9,1
277,[S]-[conj_LNK]-[S]-[PUNCT]-[S]-[PUNCT]-[S]-[ADJ],1,1
278,[sn]-[grup.verb]-[sn]-[sp_LNK]-[conj]-[sn],2,1
279,[sp]-[grup.verb]-[sn]-[sp_LNK]-[sn],1,1
280,[sn]-[grup.verb]-[sp_LNK]-[PUNCT]-[sn]-[sn]-[grup.verb]-[sn]-[neg]-[sn]-[grup.verb]-[infinitiu]-[sp],2,1
281,[grup.verb]-[sn]-[S_LNK]-[SCONJ],1,1
282,[sn]-[grup.verb]-[sn]-[sp_LNK]-[neg]-[grup.verb]-[sn]-[sp]-[PUNCT],2,1
283,[sn]-[grup.verb]-[sn]-[sp_LNK]-[sn]-[sp]-[sadv]-[PUNCT],2,1
284,[sn]-[grup.verb]-[sn]-[S_LNK]-[S]-[sp]-[PUNCT],1,1
285,[grup.verb]-[sn]-[sp_LNK]-[conj]-[infinitiu]-[sn],2,1
286,[sn]-[grup.verb]-[sp_LNK]-[s.a],2,1
287,[sp]-[neg]-[grup.verb]-[sn]-[S_LNK],3,1
288,[grup.verb]-[sn]-[sp_LNK]-[conj]-[conj]-[sadv]-[neg]-[grup.verb]-[sp],2,1
289,[sn]-[grup.verb]-[S_LNK]-[sp]-[NUM],1,1
290,[grup.verb]-[sn]-[sp_LNK]-[PUNCT]-[grup.verb]-[sn]-[PUNCT],2,1
291,[sn]-[grup.verb]-[sp_LNK]-[conj]-[conj]-[grup.verb]-[sp]-[gerundi]-[sp],2,1
292,[grup.verb]-[sn]-[sp_LNK]-[relatiu]-[grup.verb]-[sp]-[conj]-[sadv]-[grup.verb],2,1
293,[sn]-[grup.verb]-[sp_LNK]-[PUNCT]-[conj]-[participi]-[sp],2,1
294,[sn]-[grup.verb]-[sn]-[sp_LNK]-[grup.nom]-[grup.a],1,1
295,[S]-[conj_LNK]-[S]-[PUNCT]-[NOUN],1,1
296,[grup.verb]-[sn]-[sp_LNK]-[conj]-[grup.verb]-[sadv]-[morfema.pronominal]-[grup.verb],2,1
297,[grup.verb]-[sn]-[S_LNK]-[conj]-[S]-[sp]-[PUNCT],1,1
298,[neg]-[grup.verb]-[sn]-[sp_LNK]-[morfema.pronominal]-[sn]-[grup.verb]-[sn],2,1
299,[sn]-[grup.verb]-[sp_LNK]-[PUNCT]-[sn]-[sn]-[grup.verb]-[sp],2,1
300,[S]-[PUNCT]-[S_LNK]-[grup.verb]-[S]-[PUNCT],1,1
301,[S]-[conj_LNK]-[S]-[PUNCT]-[S]-[grup.nom],1,1
302,[sn]-[grup.verb]-[sn]-[sp_LNK]-[PUNCT]-[sn]-[PUNCT],1,1
303,[sn]-[grup.verb]-[sp_LNK]-[PUNCT]-[conj]-[sn],2,1
304,[S]-[conj_LNK]-[S]-[S]-[PUNCT]-[S]-[PUNCT]-[sn]-[PUNCT],1,1
305,[S]-[conj_LNK]-[S]-[s.a]-[s.a]-[grup.nom],1,1
306,[sn]-[grup.verb]-[sp_LNK]-[PUNCT]-[grup.verb]-[sn]-[conj]-[sadv]-[sadv]-[conj]-[neg]-[sp]-[sp],2,1
307,[sn]-[grup.verb]-[sp_LNK]-[conj]-[neg]-[grup.verb]-[sp]-[conj]-[sn]-[sp],2,1
308,[grup.verb]-[sn]-[S_LNK]-[conj]-[S]-[PUNCT]-[S]-[PUNCT],1,1
309,[neg]-[grup.verb]-[sn]-[sp_LNK]-[sn]-[PUNCT],1,1
310,[S]-[conj_LNK]-[S]-[PUNCT]-[S]-[S]-[PUNCT]-[S]-[S]-[PUNCT],1,1
311,[S]-[conj_LNK]-[S]-[conj]-[sp]-[PUNCT],1,1
312,[S]-[conj_LNK]-[S]-[PUNCT]-[S]-[S]-[PUNCT]-[S]-[grup.nom],1,1
313,[grup.verb]-[sn]-[sp_LNK]-[VERB],1,1
314,[sn]-[grup.verb]-[S]-[S_LNK]-[grup.nom]-[grup.a],1,1
315,[sp]-[grup.verb]-[sn]-[S_LNK],5,1
316,[S]-[conj_LNK]-[S]-[PUNCT]-[sn]-[PUNCT]-[S]-[PUNCT],1,1
317,[sn]-[grup.verb]-[sp_LNK]-[conj]-[conj]-[sn]-[neg]-[grup.verb]-[sp],2,1
318,[S]-[conj_LNK]-[S]-[PUNCT]-[S]-[PUNCT]-[S]-[PUNCT]-[S]-[PUNCT],1,1
319,[grup.verb]-[sn]-[sp_LNK]-[conj]-[sn]-[grup.verb]-[conj]-[grup.verb]-[sn]-[conj]-[sp]-[sn]-[grup.verb]-[sn],2,1
320,[sn]-[grup.verb]-[sp_LNK]-[conj]-[grup.verb]-[PUNCT]-[grup.verb]-[sn],2,1
321,[sn]-[grup.verb]-[sn]-[sp_LNK]-[DET],1,1
322,[sn]-[grup.verb]-[sn]-[sp_LNK]-[PUNCT]-[gerundi]-[sn]-[sp]-[conj]-[sp]-[conj]-[grup.verb]-[sn]-[PUNCT]-[conj]-[morfema.verbal]-[grup.verb]-[sadv]-[sp]-[sp],2,1
323,[S]-[conj_LNK]-[S]-[sn]-[grup.nom]-[PUNCT],1,1
324,[sn]-[grup.verb]-[sp_LNK]-[sn]-[PUNCT]-[S]-[PUNCT],1,1
325,[grup.verb]-[sn]-[sp_LNK]-[grup.nom]-[s.a]-[grup.nom],1,1
326,[neg]-[grup.verb]-[sn]-[sp_LNK]-[grup.verb]-[s.a]-[infinitiu]-[sn]-[PUNCT]-[PUNCT]-[relatiu]-[grup.verb]-[sn]-[PUNCT]-[grup.verb]-[sn]-[PUNCT]-[conj]-[sadv]-[sn]-[grup.verb]-[PUNCT],2,1
327,[S]-[conj_LNK]-[S]-[PUNCT]-[sp]-[PUNCT]-[S]-[PUNCT],1,1
328,[sn]-[grup.verb]-[sp_LNK]-[sn],3,1
329,[grup.verb]-[sn]-[sp_LNK]-[PUNCT]-[conj]-[infinitiu]-[sn]-[sp],2,1
330,[neg]-[grup.verb]-[sn]-[sp_LNK]-[PUNCT]-[conj]-[grup.verb]-[sn]-[conj]-[grup.verb]-[sn]-[PUNCT]-[conj]-[neg]-[participi]-[sp]-[sp],2,1
331,[sn]-[grup.verb]-[sp_LNK]-[PUNCT]-[conj]-[sn]-[grup.verb]-[sn]-[PUNCT]-[grup.verb]-[sn],2,1
332,[sn]-[grup.verb]-[sp_LNK]-[conj]-[grup.verb]-[sadv]-[sp],2,1
333,[S]-[conj_LNK]-[S]-[s.a]-[s.a]-[s.a],1,1
334,[S]-[conj_LNK]-[S]-[PUNCT]-[S]-[NUM],1,1
335,[sn]-[grup.verb]-[S]-[S_LNK]-[grup.nom]-[grup.nom],1,1
336,[S]-[PUNCT]-[S_LNK]-[sp]-[PUNCT],1,1
337,[sn]-[grup.verb]-[S_LNK]-[sp],1,1
338,[sn]-[grup.verb]-[sn]-[sp_LNK]-[PUNCT]-[conj]-[sadv]-[neg]-[grup.verb]-[sn]-[sp],2,1
339,[sn]-[grup.verb]-[sn]-[sp_LNK]-[conj]-[neg]-[sn]-[grup.verb]-[infinitiu]-[sn],6,1
340,[sn]-[grup.verb]-[sp_LNK]-[conj]-[neg]-[sn],2,1
341,[S]-[conj_LNK]-[S]-[conj]-[sp]-[S]-[PUNCT],1,1
342,[sn]-[grup.verb]-[S]-[S_LNK]-[S]-[sn]-[S]-[PUNCT],1,1
343,[grup.verb]-[sn]-[sp_LNK]-[grup.verb]-[PUNCT]-[grup.verb]-[sn]-[PUNCT],2,1
344,[neg]-[grup.verb]-[sn]-[sp_LNK]-[sp]-[PUNCT],1,1
345,[sn]-[grup.verb]-[sn]-[sp_LNK]-[PUNCT]-[neg]-[sp]-[grup.verb]-[PUNCT]-[sn]-[grup.verb]-[sp],2,1
346,[sn]-[grup.verb]-[sn]-[S_LNK]-[grup.nom]-[PUNCT],1,1
347,[sn]-[neg]-[grup.verb]-[sp_LNK]-[PUNCT]-[grup.verb]-[s.a],2,1
348,[S]-[conj_LNK]-[S]-[PUNCT]-[sp]-[PUNCT],1,1
349,[sn]-[grup.verb]-[sp_LNK]-[PUNCT]-[S]-[PUNCT]-[S]-[PUNCT],1,1
350,[sn]-[grup.verb]-[sp_LNK]-[conj]-[grup.verb]-[sp]-[sp]-[PUNCT]-[conj]-[sadv]-[grup.verb]-[sp]-[sp],2,1
351,[sn]-[grup.verb]-[sn]-[S_LNK]-[PROPN],1,1
352,[grup.verb]-[sn]-[S_LNK]-[PUNCT]-[S]-[conj]-[S]-[PUNCT],1,1
353,[neg]-[grup.verb]-[sn]-[sp_LNK]-[infinitiu]-[sp],2,1
354,[sn]-[grup.verb]-[sp_LNK]-[sn]-[conj]-[sadv]-[sn]-[sadv]-[grup.verb]-[sn]-[sp]-[sp],6,1
355,[sn]-[neg]-[grup.verb]-[sp_LNK]-[PUNCT]-[sn]-[sn]-[conj]-[sn]-[morfema.pronominal]-[grup.verb]-[sp],2,1
356,[sn]-[grup.verb]-[sp_LNK]-[S]-[sn]-[PUNCT],1,1
357,[sn]-[neg]-[grup.verb]-[sn]-[sp_LNK]-[infinitiu]-[morfema.pronominal]-[grup.verb]-[sn],2,1
358,[sn]-[grup.verb]-[sp_LNK]-[sn]-[grup.nom],1,1
359,[sn]-[grup.verb]-[sn]-[S_LNK]-[sn],1,1
360,[grup.verb]-[sn]-[S_LNK]-[grup.nom]-[s.a]-[s.a],1,1
361,[grup.verb]-[sn]-[sp_LNK]-[conj]-[neg]-[grup.verb]-[infinitiu]-[sn]-[PUNCT]-[conj]-[neg]-[grup.verb],2,1
362,[sn]-[grup.verb]-[S]-[S_LNK]-[NOUN],1,1
363,[sn]-[grup.verb]-[sp_LNK],9,1
364,[S]-[PUNCT]-[S_LNK]-[conj]-[S],1,1
365,[sp]-[grup.verb]-[sn]-[S_LNK]-[PROPN],1,1
366,[grup.verb]-[sn]-[sp_LNK]-[s.a]-[sn],2,1
367,[grup.verb]-[sn]-[sp_LNK]-[conj]-[sp]-[sp],2,1
368,[S]-[conj_LNK]-[S]-[s.a]-[grup.a],1,1
369,[S]-[conj_LNK]-[S]-[PUNCT]-[PUNCT]-[S]-[PUNCT]-[PUNCT]-[S]-[PUNCT],1,1
370,[sn]-[grup.verb]-[sn]-[sp_LNK]-[PUNCT]-[sn]-[grup.verb]-[s.a],2,1
371,[sn]-[grup.verb]-[sn]-[sp_LNK]-[conj]-[sn]-[sp],2,1
372,[grup.verb]-[sn]-[sp_LNK]-[neg]-[sn]-[grup.verb]-[conj]-[sp],2,1
373,[neg]-[grup.verb]-[sn]-[S_LNK],3,1
374,[grup.verb]-[sn]-[sp_LNK]-[sp]-[inc],2,1
375,[sn]-[grup.verb]-[sp_LNK]-[s.a]-[sp],2,1
376,[sn]-[grup.verb]-[sp_LNK]-[neg]-[sn]-[grup.verb],2,1
377,[grup.verb]-[sn]-[S_LNK]-[inc],3,1
378,[grup.verb]-[sn]-[sp_LNK]-[interjeccio]-[sadv]-[sadv],8,1
379,[grup.verb]-[sn]-[sp_LNK]-[grup.verb]-[conj]-[sn]-[morfema.pronominal]-[grup.verb]-[sadv]-[sp]-[sn]-[grup.verb]-[sn]-[conj]-[infinitiu]-[sn],2,1
380,[neg]-[grup.verb]-[sn]-[sp_LNK]-[conj]-[sn]-[grup.verb]-[sn],2,1
381,[S]-[conj_LNK]-[S]-[conj]-[S]-[PUNCT]-[NOUN],1,1
382,[sn]-[neg]-[grup.verb]-[sp_LNK]-[sn]-[sp]-[PUNCT]-[PUNCT],1,1
383,[sn]-[grup.verb]-[sp_LNK]-[conj]-[grup.verb]-[sp],2,1
384,[grup.verb]-[sn]-[sp_LNK]-[conj]-[neg]-[morfema.pronominal]-[grup.verb],2,1
385,[sn]-[grup.verb]-[sn]-[sp_LNK]-[sn]-[grup.verb]-[sadv]-[conj]-[sn]-[grup.verb]-[sn]-[sp]-[conj]-[grup.verb]-[sn],2,1
386,[sn]-[grup.verb]-[sp_LNK]-[sp]-[sp]-[sn]-[PUNCT],1,1
387,[sn]-[grup.verb]-[sn]-[sp_LNK]-[sn]-[sn]-[PUNCT],1,1
388,[sn]-[grup.verb]-[sp_LNK]-[conj]-[grup.verb]-[sp]-[conj]-[grup.verb]-[sn],2,1
389,[sn]-[grup.verb]-[sn]-[sp_LNK]-[grup.nom]-[grup.nom],1,1
390,[grup.verb]-[sn]-[S_LNK]-[grup.nom]-[grup.nom]-[s.a],1,1
391,[sn]-[grup.verb]-[sp_LNK]-[PUNCT]-[sadv]-[sp]-[neg]-[grup.verb]-[sn],2,1
392,[sn]-[grup.verb]-[sp_LNK]-[sn]-[conj]-[grup.verb]-[sn],2,1
393,[sn]-[grup.verb]-[sp_LNK]-[sp]-[sn]-[S]-[s.a],1,1
394,[neg]-[grup.verb]-[sn]-[sp_LNK]-[PUNCT]-[sn]-[sadv],2,1
395,[grup.verb]-[sn]-[sp_LNK]-[S]-[grup.nom]-[grup.nom]-[PUNCT],1,1
396,[sp]-[grup.verb]-[sn]-[sp_LNK]-[sp]-[S]-[PUNCT],1,1
397,[grup.verb]-[sn]-[sp_LNK]-[conj]-[neg],2,1
398,[S]-[conj_LNK]-[S]-[PUNCT]-[S]-[PUNCT]-[sp]-[PUNCT],1,1
399,[sp]-[grup.verb]-[sn]-[sp_LNK]-[sn]-[S]-[PUNCT]-[S]-[PUNCT],1,1
400,[sn]-[grup.verb]-[sp_LNK]-[sp]-[PUNCT]-[sadv]-[sn]-[grup.verb]-[sn],2,1
401,[sn]-[grup.verb]-[sn]-[sp_LNK]-[ADP],2,1
402,[grup.verb]-[sn]-[sp_LNK]-[grup.verb]-[sp]-[sn],2,1
403,[S]-[conj_LNK]-[S]-[PUNCT]-[S]-[conj]-[S],1,1
404,[grup.verb]-[sn]-[sp_LNK]-[sp]-[grup.verb]-[conj]-[morfema.verbal]-[grup.verb]-[s.a]-[sn],2,1
405,[sn]-[grup.verb]-[sp_LNK]-[sp]-[S],1,1
406,[S]-[conj_LNK]-[S]-[conj]-[S]-[PUNCT]-[S],1,1
407,[neg]-[grup.verb]-[sn]-[sp_LNK]-[PUNCT]-[S]-[PUNCT],1,1
408,[S]-[conj_LNK]-[S]-[conj]-[S]-[PUNCT]-[PUNCT],1,1
409,[grup.verb]-[sn]-[sp_LNK]-[PUNCT]-[grup.verb]-[s.a]-[conj]-[sn]-[grup.verb]-[sp],2,1
410,[grup.verb]-[sn]-[sp_LNK]-[sentence],2,1
411,[S]-[conj_LNK]-[S]-[VERB],1,1
412,[grup.verb]-[sn]-[S_LNK]-[S]-[s.a],1,1
413,[S]-[conj_LNK]-[S]-[S]-[s.a],1,1
414,[sp]-[grup.verb]-[sn]-[S_LNK]-[grup.nom]-[PUNCT],1,1
415,[S]-[PUNCT]-[S_LNK]-[PUNCT]-[S]-[PUNCT]-[S]-[PUNCT]-[S]-[PUNCT],1,1
416,[grup.verb]-[sn]-[sp_LNK]-[PUNCT]-[grup.verb]-[s.a]-[sn],2,1
417,[grup.verb]-[sn]-[sp_LNK]-[PUNCT]-[conj]-[conj]-[sn]-[grup.verb]-[sn]-[sp],2,1
418,[sn]-[grup.verb]-[sp_LNK]-[s.a]-[PUNCT],1,1
419,[S]-[conj_LNK]-[S]-[conj]-[S]-[PUNCT]-[S]-[PUNCT]-[PUNCT],1,1
420,[grup.verb]-[sn]-[sp_LNK]-[grup.verb]-[sn]-[sp],2,1
421,[grup.verb]-[sn]-[sp_LNK]-[PUNCT]-[conj]-[morfema.pronominal]-[grup.verb]-[sp],4,1
422,[sn]-[grup.verb]-[S]-[S_LNK]-[sn]-[PUNCT],1,1
423,[S]-[conj_LNK]-[S]-[sn]-[PROPN],1,1
424,[grup.verb]-[sn]-[sp_LNK]-[conj]-[sn]-[conj]-[grup.verb]-[sn],2,1
425,[sn]-[grup.verb]-[sp_LNK]-[conj]-[grup.verb]-[s.a],4,1
426,[sn]-[neg]-[grup.verb]-[sn]-[sp_LNK]-[grup.verb]-[sn],2,1
427,[sn]-[grup.verb]-[sp_LNK]-[sn]-[sp]-[PUNCT],1,1
428,[sp]-[grup.verb]-[sn]-[sp_LNK]-[conj]-[sn]-[grup.verb]-[sn]-[sp]-[conj]-[sp]-[PUNCT]-[conj]-[grup.verb]-[conj]-[sn]-[grup.verb]-[sn]-[sp]-[PUNCT]-[grup.verb]-[sp],4,1
429,[grup.verb]-[sn]-[sp_LNK]-[gerundi]-[sn]-[conj]-[sn],2,1
430,[sn]-[grup.verb]-[sp_LNK]-[PUNCT]-[conj]-[sp]-[sadv]-[grup.verb],2,1
431,[grup.verb]-[sn]-[sp_LNK]-[grup.verb]-[sn],4,1
432,[sn]-[grup.verb]-[S_LNK]-[PUNCT]-[sp]-[PUNCT],1,1
433,[sn]-[grup.verb]-[sn]-[sp_LNK]-[conj]-[neg]-[infinitiu]-[sp]-[sadv]-[morfema.verbal]-[grup.verb],2,1
434,[neg]-[grup.verb]-[sn]-[sp_LNK]-[sn]-[conj]-[sn]-[grup.verb],2,1
435,[sn]-[grup.verb]-[sp_LNK],21,1
436,[sn]-[neg]-[grup.verb]-[sn]-[sp_LNK]-[grup.verb]-[s.a],2,1
437,[sn]-[grup.verb]-[sn]-[S_LNK],6,1
438,[grup.verb]-[sn]-[sp_LNK]-[sadv]-[grup.verb],2,1
439,[S]-[conj_LNK]-[S]-[PUNCT]-[sn]-[PUNCT]-[S]-[conj]-[S]-[PUNCT]-[S]-[PUNCT],1,1
440,[sp]-[neg]-[grup.verb]-[sn]-[sp_LNK]-[PUNCT]-[conj]-[sn]-[grup.verb]-[sn]-[sp]-[conj]-[grup.verb]-[sp],2,1
441,[S]-[PUNCT]-[S_LNK]-[PUNCT]-[PROPN]-[PUNCT],1,1
442,[sn]-[grup.verb]-[sp_LNK]-[infinitiu]-[sp],2,1
443,[sn]-[grup.verb]-[sn]-[sp_LNK]-[grup.nom]-[grup.nom]-[s.a],1,1
444,[sn]-[grup.verb]-[sp_LNK]-[sp]-[PUNCT]-[relatiu]-[sadv]-[grup.verb]-[conj]-[sn]-[grup.verb]-[sn]-[sp],2,1
445,[grup.verb]-[sn]-[sp_LNK]-[PUNCT]-[gerundi]-[sn]-[sp],7,1
446,[sp]-[grup.verb]-[sn]-[sp_LNK]-[PUNCT],2,1
447,[sn]-[grup.verb]-[sn]-[S_LNK]-[s.a],1,1
448,[sn]-[grup.verb]-[sn]-[sp_LNK]-[PROPN],1,1
449,[sp]-[neg]-[grup.verb]-[sn]-[sp_LNK],5,1
450,[sn]-[grup.verb]-[sn]-[sp_LNK]-[PUNCT]-[conj]-[sp]-[sp],2,1
451,[sn]-[grup.verb]-[sp_LNK]-[PUNCT]-[sadv]-[neg]-[grup.verb]-[sn]-[PUNCT],4,1
452,[grup.verb]-[sn]-[sp_LNK]-[neg]-[grup.verb]-[sn],2,1
453,[sn]-[grup.verb]-[sp_LNK]-[sp]-[grup.nom]-[s.a],1,1
454,[sn]-[grup.verb]-[sp_LNK]-[PUNCT]-[sp]-[sn]-[grup.verb]-[sp],2,1
455,[grup.verb]-[sn]-[sp_LNK]-[PUNCT]-[S]-[PUNCT]-[S]-[s.a]-[grup.nom]-[s.a],1,1
456,[grup.verb]-[sn]-[sp_LNK]-[conj]-[sn]-[grup.verb]-[infinitiu]-[sp]-[sp],2,1
457,[sn]-[grup.verb]-[sp_LNK]-[sn]-[S]-[PUNCT]-[S]-[PUNCT],1,1
458,[S]-[conj_LNK]-[S]-[S]-[S],1,1
459,[S]-[conj]-[S_LNK]-[S]-[S],1,1
460,[S]-[conj_LNK]-[S]-[S]-[conj]-[S]-[conj]-[S]-[PUNCT],1,1
461,[sn]-[grup.verb]-[sn]-[sp_LNK]-[sp]-[PUNCT],2,1
462,[grup.verb]-[sn]-[S_LNK]-[NOUN],1,1
463,[sn]-[neg]-[grup.verb]-[sp_LNK]-[S]-[PUNCT],1,1
464,[sp]-[grup.verb]-[sn]-[sp_LNK]-[sp]-[PUNCT],2,1
465,[sn]-[grup.verb]-[sp_LNK]-[grup.nom]-[PUNCT],1,1
466,[sn]-[grup.verb]-[sn]-[S_LNK]-[PROPN]-[PUNCT],1,1
467,[S]-[conj_LNK]-[S]-[PUNCT]-[S]-[PUNCT]-[S]-[PUNCT]-[S]-[grup.nom]-[s.a],1,1
468,[S]-[conj_LNK]-[S]-[sn]-[grup.verb]-[s.a]-[S]-[PUNCT],1,1
469,[grup.verb]-[sn]-[sp_LNK]-[sn]-[conj]-[grup.verb],2,1
470,[grup.verb]-[sn]-[sp_LNK]-[sp]-[sp]-[sp],2,1
471,[sn]-[grup.verb]-[sn]-[sp_LNK]-[PUNCT]-[S]-[NUM],1,1
472,[grup.verb]-[sn]-[S_LNK]-[S]-[S]-[conj]-[sp],5,1
473,[sn]-[grup.verb]-[sp_LNK],10,1
474,[neg]-[grup.verb]-[sn]-[sp_LNK]-[conj]-[infinitiu]-[sn]-[sp]-[grup.verb]-[s.a]-[PUNCT],2,1
475,[sn]-[neg]-[grup.verb]-[sp_LNK]-[sn]-[grup.verb]-[sn],2,1
476,[sn]-[grup.verb]-[sp_LNK]-[sn]-[sp]-[grup.verb]-[sp]-[sp]-[conj]-[sadv],2,1
477,[sn]-[grup.verb]-[sp_LNK]-[ADP],1,1
478,[S]-[conj_LNK]-[S]-[PUNCT]-[PUNCT]-[PUNCT]-[PUNCT]-[PUNCT]-[PUNCT]-[S]-[PUNCT]-[S]-[PUNCT]-[S]-[PUNCT],1,1
479,[sp]-[grup.verb]-[sn]-[sp_LNK]-[PUNCT]-[sn]-[grup.verb]-[sn],2,1
480,[sn]-[grup.verb]-[S]-[S_LNK]-[PUNCT]-[S]-[PUNCT],1,1
481,[sp]-[neg]-[grup.verb]-[sn]-[S_LNK]-[PUNCT]-[S]-[PUNCT],1,1
482,[sn]-[grup.verb]-[sp_LNK]-[sp]-[sn],2,1
483,[sn]-[grup.verb]-[S_LNK]-[PUNCT]-[PUNCT]-[PUNCT],1,1
484,[sn]-[grup.verb]-[sn]-[sp_LNK]-[gerundi]-[sn]-[conj]-[sn],2,1
485,[S]-[conj_LNK]-[S]-[S]-[grup.nom]-[grup.nom],1,1
486,[sn]-[grup.verb]-[sp_LNK]-[PUNCT]-[sadv]-[sn]-[grup.verb],2,1
487,[grup.verb]-[sn]-[S_LNK]-[PUNCT]-[S]-[PUNCT]-[sn]-[sadv]-[neg]-[grup.verb]-[sp]-[S]-[PUNCT],1,1
488,[neg]-[grup.verb]-[sn]-[sp_LNK]-[PUNCT]-[grup.verb]-[sp]-[PUNCT]-[conj]-[sn]-[grup.verb]-[sp],2,1
489,[sn]-[grup.verb]-[sp_LNK]-[PUNCT]-[grup.verb]-[s.a]-[sn]-[conj]-[infinitiu]-[sn]-[grup.verb]-[sn],2,1
490,[sn]-[grup.verb]-[sn]-[sp_LNK]-[sn],2,1
491,[sp]-[neg]-[grup.verb]-[sn]-[sp_LNK]-[sadv]-[grup.verb]-[sn]-[gerundi]-[sn],2,1
492,[grup.verb]-[sn]-[sp_LNK]-[conj]-[infinitiu]-[sentence],2,1
493,[sn]-[grup.verb]-[sp_LNK]-[sp],3,1
494,[S]-[conj_LNK]-[S]-[S]-[conj]-[sn]-[PUNCT],1,1
495,[sn]-[neg]-[grup.verb]-[sp_LNK]-[PUNCT]-[conj]-[sadv]-[grup.verb],2,1
496,[sn]-[grup.verb]-[sp_LNK]-[PUNCT]-[neg]-[sp],2,1
497,[sn]-[grup.verb]-[sn]-[sp_LNK]-[PUNCT]-[grup.verb]-[sn]-[PUNCT]-[conj]-[sn]-[grup.verb]-[PUNCT]-[conj]-[sn]-[grup.verb]-[sp],2,1
498,[sp]-[grup.verb]-[sn]-[sp_LNK]-[S]-[sp]-[PUNCT],1,1
499,[S]-[conj_LNK]-[S]-[SCONJ],1,1
500,[S]-[conj_LNK]-[S]-[PUNCT]-[S]-[PUNCT]-[PUNCT],1,1
501,[S]-[PUNCT]-[S_LNK]-[PUNCT]-[conj]-[S]-[PUNCT],1,1
502,[sp]-[grup.verb]-[sn]-[sp_LNK]-[grup.nom]-[s.a],1,1
503,[neg]-[grup.verb]-[sn]-[sp_LNK],5,1
504,[sn]-[neg]-[grup.verb]-[sn]-[sp_LNK],5,1
505,[sn]-[grup.verb]-[sn]-[sp_LNK]-[grup.verb]-[s.a],2,1
506,[sn]-[grup.verb]-[sn]-[sp_LNK]-[PUNCT]-[conj]-[sadv]-[sn]-[grup.verb]-[sn],2,1
507,[sn]-[grup.verb]-[sp_LNK]-[sn]-[PUNCT],2,1
508,[sn]-[grup.verb]-[S_LNK]-[s.a],1,1
509,[sn]-[grup.verb]-[sp_LNK]-[sp]-[S]-[PUNCT],1,1
510,[sn]-[grup.verb]-[sp_LNK]-[sp]-[PUNCT]-[sn]-[grup.verb]-[sn]-[sp]-[sp]-[PUNCT]-[conj]-[sp],2,1
511,[S]-[PUNCT]-[S_LNK]-[conj]-[S]-[S]-[PUNCT],1,1
512,[sn]-[grup.verb]-[sn]-[sp_LNK]-[PUNCT]-[conj]-[sp],4,1
513,[S]-[conj_LNK]-[S]-[PUNCT]-[sn]-[neg]-[grup.verb]-[S]-[PUNCT],1,1
514,[sn]-[grup.verb]-[sn]-[sp_LNK]-[sn]-[sn],2,1
515,[S]-[conj_LNK]-[S]-[sn]-[grup.verb]-[sadv]-[S]-[PUNCT],1,1
516,[grup.verb]-[sn]-[sp_LNK]-[PUNCT]-[conj]-[sadv]-[participi]-[PUNCT]-[infinitiu]-[sn]-[sp],2,1
517,[grup.verb]-[sn]-[sp_LNK]-[PUNCT]-[PUNCT]-[sp]-[PUNCT],1,1
518,[sn]-[grup.verb]-[sp_LNK]-[PUNCT]-[sp]-[sp]-[infinitiu]-[sp]-[PUNCT]-[conj]-[sn]-[grup.verb]-[conj]-[sp]-[sn]-[grup.verb]-[sn]-[grup.verb]-[sn],4,1
519,[S]-[PUNCT]-[S_LNK]-[PUNCT]-[S]-[PUNCT]-[sn]-[PUNCT],1,1
520,[sn]-[grup.verb]-[sp_LNK]-[sadv],2,1
521,[grup.verb]-[sn]-[S_LNK]-[conj]-[S]-[conj]-[S],1,1
522,[grup.verb]-[sn]-[sp_LNK]-[gerundi]-[sp],2,1
523,[sp]-[neg]-[grup.verb]-[sn]-[sp_LNK]-[PUNCT]-[gerundi]-[conj]-[grup.verb]-[sn],2,1
524,[neg]-[grup.verb]-[sn]-[S_LNK]-[PUNCT]-[NOUN],1,1
525,[grup.verb]-[sn]-[sp_LNK]-[grup.verb]-[PUNCT]-[conj]-[sn]-[grup.verb],2,1
526,[sn]-[grup.verb]-[sn]-[sp_LNK]-[sp]-[S]-[sn]-[PUNCT]-[PUNCT],1,1
527,[grup.verb]-[sn]-[sp_LNK]-[PUNCT]-[neg]-[grup.verb]-[sp]-[sp]-[conj]-[neg],2,1
528,[grup.verb]-[sn]-[S_LNK]-[PUNCT]-[conj]-[S]-[PUNCT],1,1
529,[neg]-[grup.verb]-[sn]-[sp_LNK]-[grup.verb]-[sn]-[PUNCT],2,1
530,[grup.verb]-[sn]-[sp_LNK]-[conj]-[conj]-[grup.verb]-[sn]-[conj]-[neg]-[sn],2,1
531,[neg]-[grup.verb]-[sn]-[sp_LNK]-[sn],2,1
532,[sn]-[neg]-[grup.verb]-[sn]-[sp_LNK]-[sp],2,1
533,[sn]-[grup.verb]-[sn]-[S_LNK]-[NUM],1,1
534,[sn]-[grup.verb]-[sn]-[sp_LNK]-[infinitiu]-[sp],2,1
535,[sp]-[grup.verb]-[sn]-[sp_LNK]-[conj]-[neg]-[grup.verb]-[sn],5,1
536,[grup.verb]-[sn]-[sp_LNK]-[PUNCT]-[conj]-[sn]-[NUM],2,1
537,[neg]-[grup.verb]-[sn]-[S_LNK],4,1
538,[sn]-[grup.verb]-[sn]-[sp_LNK]-[S]-[sp]-[S]-[PUNCT],1,1
539,[grup.verb]-[sn]-[sp_LNK]-[PUNCT]-[sn]-[grup.verb]-[infinitiu]-[sadv]-[sp]-[gerundi]-[conj]-[infinitiu]-[sn],2,1
540,[S]-[conj_LNK]-[S]-[sn],1,1
541,[sn]-[grup.verb]-[sn]-[S_LNK]-[PUNCT]-[PUNCT],1,1
542,[grup.verb]-[sn]-[sp_LNK]-[S]-[conj]-[S]-[PUNCT],1,1
543,[sn]-[neg]-[grup.verb]-[sn]-[sp_LNK]-[PUNCT]-[s.a]-[S]-[PUNCT],1,1
544,[sp]-[neg]-[grup.verb]-[sn]-[sp_LNK]-[PUNCT]-[S]-[PUNCT],1,1
545,[sn]-[grup.verb]-[sp_LNK]-[conj]-[conj]-[grup.verb]-[sn],2,1
546,[neg]-[grup.verb]-[sn]-[sp_LNK]-[PUNCT]-[sadv]-[sn],2,1
547,[grup.verb]-[sn]-[sp_LNK]-[sn]-[S]-[PUNCT],1,1
548,[sn]-[neg]-[grup.verb]-[sp_LNK]-[sn]-[conj]-[sn],2,1
549,[sn]-[neg]-[grup.verb]-[sp_LNK]-[sp]-[sp]-[PUNCT]-[PUNCT],3,1
550,[sn]-[grup.verb]-[sp_LNK]-[conj]-[neg]-[grup.verb]-[sn],2,1
551,[grup.verb]-[sn]-[sp_LNK]-[grup.verb]-[conj]-[sadv]-[grup.verb]-[sn],2,1
552,[sn]-[grup.verb]-[sp_LNK]-[sp]-[sn]-[grup.verb]-[sp]-[PUNCT]-[sn]-[neg]-[grup.verb]-[sn],2,1
553,[grup.verb]-[sn]-[sp_LNK]-[grup.verb]-[sn]-[conj]-[sn],2,1
554,[sp]-[neg]-[grup.verb]-[sn]-[sp_LNK]-[S]-[PUNCT],1,1
555,[S]-[conj_LNK]-[S]-[grup.nom]-[s.a]-[grup.nom],1,1
556,[S]-[conj_LNK]-[S]-[PUNCT]-[S]-[PUNCT]-[S]-[PUNCT]-[PUNCT],1,1
557,[sn]-[grup.verb]-[sn]-[S_LNK]-[PUNCT]-[s.a]-[PUNCT]-[S]-[PUNCT]-[S]-[S]-[sn]-[S]-[NOUN],1,1
558,[sn]-[grup.verb]-[sn]-[sp_LNK]-[S]-[grup.nom]-[s.a],1,1
559,[grup.verb]-[sn]-[sp_LNK]-[conj]-[grup.verb]-[conj]-[grup.verb]-[sn],2,1
560,[sn]-[grup.verb]-[S]-[S_LNK]-[conj]-[S]-[PUNCT],1,1
561,[sn]-[grup.verb]-[sp_LNK]-[S]-[PUNCT]-[PUNCT],1,1
562,[S]-[conj_LNK]-[S]-[PUNCT]-[S]-[PUNCT]-[S]-[PUNCT]-[S],1,1
563,[sn]-[grup.verb]-[sp_LNK]-[sn]-[grup.verb]-[sp],2,1
564,[S]-[conj_LNK]-[S]-[S]-[PUNCT]-[PUNCT],1,1
565,[S]-[conj]-[S_LNK]-[S]-[PUNCT]-[PUNCT],1,1
566,[sn]-[grup.verb]-[sn]-[S_LNK]-[grup.nom],1,1
567,[sn]-[grup.verb]-[sn]-[sp_LNK]-[s.a]-[PUNCT],1,1
568,[sn]-[neg]-[grup.verb]-[sp_LNK]-[sadv]-[sp]-[sn]-[sadv]-[grup.verb]-[sn],2,1
569,[S]-[conj]-[S_LNK]-[S]-[S]-[PUNCT],1,1
570,[sn]-[grup.verb]-[sp_LNK]-[S]-[sp]-[PUNCT],1,1
571,[S]-[PUNCT]-[S_LNK]-[sn]-[grup.verb]-[sadv]-[sp]-[PUNCT],1,1
572,[sn]-[grup.verb]-[sn]-[sp_LNK]-[conj]-[sn]-[grup.verb],2,1
573,[grup.verb]-[sn]-[S_LNK]-[conj]-[S]-[PUNCT]-[S],1,1
574,[grup.verb]-[sn]-[S_LNK]-[S]-[conj]-[S]-[PUNCT],1,1
575,[S]-[PUNCT]-[S_LNK]-[conj]-[S]-[PUNCT]-[S]-[PUNCT],1,1
576,[S]-[PUNCT]-[S_LNK]-[neg]-[grup.verb]-[sp]-[S]-[PUNCT],1,1
577,[S]-[conj_LNK]-[S]-[PUNCT]-[conj]-[S]-[S]-[grup.nom]-[s.a],1,1
578,[sn]-[grup.verb]-[sp_LNK]-[sp]-[grup.nom],1,1
579,[grup.verb]-[sn]-[sp_LNK]-[grup.verb]-[sn]-[sn],2,1
580,[sn]-[grup.verb]-[sp_LNK]-[sp]-[neg]-[grup.verb]-[sp],2,1
581,[neg]-[grup.verb]-[sn]-[sp_LNK]-[sp]-[sp]-[S]-[PUNCT],1,1
582,[sn]-[grup.verb]-[S_LNK]-[S]-[S]-[PUNCT],1,1
583,[S]-[conj_LNK]-[S]-[S]-[S]-[conj]-[S]-[PUNCT]-[S]-[conj]-[S]-[PUNCT],1,1
584,[S]-[conj_LNK]-[S]-[PUNCT]-[S]-[PUNCT]-[S]-[PUNCT]-[S]-[conj]-[S]-[PUNCT],1,1
585,[S]-[conj_LNK]-[S]-[PUNCT]-[S]-[S]-[conj]-[S]-[PUNCT],1,1
586,[sn]-[neg]-[grup.verb]-[sp_LNK]-[sp]-[S]-[PUNCT],1,1
587,[sn]-[grup.verb]-[sp_LNK]-[S]-[grup.nom]-[grup.nom],1,1
588,[neg]-[grup.verb]-[sn]-[S_LNK]-[s.a],1,1
589,[neg]-[grup.verb]-[sn]-[sp_LNK]-[PUNCT]-[conj]-[grup.verb]-[sn],2,1
590,[grup.verb]-[sn]-[sp_LNK]-[PUNCT]-[S]-[PUNCT]-[S]-[PUNCT],1,1
591,[grup.verb]-[sn]-[sp_LNK]-[conj]-[neg]-[grup.verb]-[conj]-[morfema.verbal]-[grup.verb]-[sn],2,1
592,[grup.verb]-[sn]-[S_LNK]-[conj]-[S],1,1
593,[sn]-[grup.verb]-[sn]-[S_LNK]-[sn]-[S]-[S]-[PUNCT],1,1
594,[S]-[conj_LNK]-[S]-[PUNCT]-[S]-[S]-[S]-[PUNCT],1,1
595,[grup.verb]-[sn]-[sp_LNK]-[conj]-[PUNCT],2,1
596,[neg]-[grup.verb]-[sn]-[sp_LNK]-[sp]-[S]-[PUNCT],1,1
597,[neg]-[grup.verb]-[sn]-[sp_LNK]-[conj]-[neg]-[sn]-[grup.verb]-[infinitiu]-[conj]-[sn]-[grup.verb]-[s.a]-[conj]-[sp],2,1
598,[grup.verb]-[sn]-[sp_LNK]-[sn]-[grup.verb]-[PUNCT]-[sn]-[neg]-[grup.verb]-[sn]-[sp]-[PUNCT],1,1
599,[sn]-[grup.verb]-[sp_LNK]-[PUNCT]-[grup.verb]-[gerundi]-[sn],2,1
600,[sn]-[neg]-[grup.verb]-[sp_LNK]-[infinitiu]-[sn]-[conj]-[conj]-[grup.verb]-[sadv]-[sn]-[sp],2,1
601,[sn]-[grup.verb]-[sp_LNK]-[conj]-[sadv]-[grup.verb]-[conj]-[sn]-[grup.verb]-[sp],2,1
602,[sn]-[grup.verb]-[S]-[S_LNK],5,1
603,[sp]-[grup.verb]-[sn]-[sp_LNK]-[PUNCT]-[conj]-[infinitiu]-[sn]-[sp]-[conj]-[sp]-[morfema.pronominal]-[grup.verb]-[sn]-[sp],2,1
604,[grup.verb]-[sn]-[sp_LNK]-[sp]-[S]-[PUNCT],1,1
605,[S]-[conj_LNK]-[S]-[PUNCT]-[PUNCT]-[S]-[PUNCT]-[S]-[PUNCT],1,1
606,[sn]-[grup.verb]-[sn]-[S_LNK]-[PUNCT]-[s.a]-[PUNCT]-[S]-[PUNCT]-[S]-[sn]-[S]-[PUNCT]-[NOUN],1,1
607,[grup.verb]-[sn]-[sp_LNK]-[PUNCT]-[conj]-[sn]-[grup.verb]-[sn]-[sp]-[conj]-[sadv]-[neg]-[grup.verb]-[sp],2,1
608,[sn]-[grup.verb]-[sp_LNK]-[sp]-[inc]-[PUNCT],1,1
609,[grup.verb]-[sn]-[sp_LNK]-[conj]-[sp]-[grup.verb]-[sn]-[conj]-[grup.verb]-[conj]-[sn]-[morfema.pronominal]-[grup.verb],2,1
610,[sp]-[grup.verb]-[sn]-[sp_LNK],10,1
611,[sn]-[grup.verb]-[sn]-[S_LNK]-[PUNCT]-[conj]-[sn]-[conj]-[S]-[PUNCT]-[sn]-[neg]-[grup.verb]-[sn]-[sp]-[S]-[PUNCT],1,1
612,[grup.verb]-[sn]-[sp_LNK]-[PUNCT]-[conj]-[participi]-[sp]-[grup.verb]-[sn]-[PUNCT],2,1
613,[S]-[PUNCT]-[S_LNK]-[INTJ],1,1
614,[sn]-[grup.verb]-[sp_LNK]-[grup.verb]-[sp]-[neg]-[sp],2,1
615,[sn]-[grup.verb]-[sp_LNK]-[conj]-[grup.verb]-[PUNCT]-[conj]-[conj]-[grup.verb],2,1
616,[sn]-[neg]-[grup.verb]-[sp_LNK]-[PUNCT]-[sn]-[morfema.verbal]-[grup.verb]-[sp],2,1
617,[S]-[conj_LNK]-[S]-[S]-[PUNCT]-[S]-[s.a],1,1
618,[S]-[conj_LNK]-[S]-[sp]-[S]-[PUNCT],1,1
619,[grup.verb]-[sn]-[S_LNK]-[VERB],1,1
620,[sp]-[grup.verb]-[sn]-[sp_LNK]-[grup.nom],1,1
621,[S]-[conj_LNK]-[S]-[PUNCT]-[conj]-[S]-[sp]-[PUNCT],1,1
622,[grup.verb]-[sn]-[sp_LNK]-[infinitiu]-[sn]-[sp]-[sp]-[sp],2,1
623,[sp]-[grup.verb]-[sn]-[sp_LNK]-[S],4,1
624,[S]-[PUNCT]-[S_LNK]-[S]-[grup.nom]-[grup.a],1,1
625,[sp]-[neg]-[grup.verb]-[sn]-[sp_LNK],6,1
626,[grup.verb]-[sn]-[S_LNK]-[PUNCT]-[sn]-[sp]-[PUNCT]-[S]-[PUNCT],1,1
627,[sn]-[grup.verb]-[sp_LNK]-[s.a],1,1
628,[sn]-[grup.verb]-[sn]-[sp_LNK]-[PUNCT]-[NUM],1,1
629,[sn]-[neg]-[grup.verb]-[sn]-[sp_LNK]-[grup.nom]-[s.a],1,1
630,[grup.verb]-[sn]-[sp_LNK]-[conj]-[neg]-[grup.verb]-[sp],2,1
631,[S]-[conj_LNK]-[S]-[S]-[PUNCT]-[S]-[conj]-[S]-[PUNCT],1,1
632,[sn]-[neg]-[grup.verb]-[sn]-[sp_LNK]-[sadv],2,1
633,[sn]-[grup.verb]-[sp_LNK]-[sn]-[sn]-[grup.verb]-[s.a]-[sn],2,1
634,[grup.verb]-[sn]-[sp_LNK]-[sp]-[sp],2,1
635,[sn]-[grup.verb]-[sn]-[sp_LNK]-[conj]-[neg]-[sadv]-[neg]-[grup.verb]-[sn]-[sp]-[sp],2,1
636,[S]-[conj_LNK]-[S]-[conj]-[S]-[PUNCT]-[S]-[PUNCT]-[S]-[PUNCT],1,1
637,[sn]-[grup.verb]-[sn]-[sp_LNK]-[PUNCT]-[conj]-[neg]-[grup.verb]-[sp]-[PUNCT],2,1
638,[sn]-[grup.verb]-[sn]-[sp_LNK]-[PUNCT]-[sn]-[grup.verb]-[sp]-[infinitiu]-[sn],2,1
639,[sn]-[neg]-[grup.verb]-[sp_LNK]-[PUNCT]-[S]-[PUNCT],1,1
640,[sn]-[neg]-[grup.verb]-[sp_LNK]-[S],1,1
641,[sn]-[grup.verb]-[sp_LNK]-[conj]-[sp]-[morfema.pronominal]-[grup.verb]-[sp]-[PUNCT],2,1
642,[S]-[conj]-[S_LNK]-[S],1,1
643,[sn]-[grup.verb]-[sn]-[S_LNK],4,1
644,[sn]-[neg]-[grup.verb]-[sn]-[S_LNK],8,1
645,[S]-[PUNCT]-[S_LNK]-[PUNCT]-[grup.verb]-[SCONJ],1,1
646,[sn]-[grup.verb]-[sn]-[sp_LNK]-[S]-[sp]-[sp]-[sp]-[S]-[PUNCT],1,1
647,[sn]-[grup.verb]-[S_LNK]-[PROPN],1,1
648,[sp]-[grup.verb]-[sn]-[sp_LNK]-[grup.nom]-[grup.a],1,1
649,[sp]-[grup.verb]-[sn]-[sp_LNK]-[PUNCT]-[S]-[PUNCT],1,1
650,[sp]-[neg]-[grup.verb]-[sn]-[sp_LNK],1,1
651,[grup.verb]-[sn]-[sp_LNK]-[PUNCT]-[S],1,1
652,[grup.verb]-[sn]-[S_LNK]-[PUNCT]-[PUNCT],1,1
653,[S]-[conj_LNK]-[S]-[conj]-[PUNCT]-[S]-[PUNCT],1,1
654,[S]-[conj_LNK]-[S]-[ADJ],1,1
655,[neg]-[grup.verb]-[sn]-[S_LNK]-[grup.nom],1,1
656,[grup.verb]-[sn]-[sp_LNK]-[conj]-[grup.verb]-[sn]-[conj]-[sn]-[neg]-[sn]-[grup.verb]-[sn],2,1
657,[sn]-[grup.verb]-[S]-[S_LNK]-[PUNCT]-[sn]-[grup.verb]-[sn],1,1
658,[sn]-[grup.verb]-[sp_LNK],3,1
659,[sn]-[grup.verb]-[sp_LNK]-[PUNCT]-[sn],2,1
660,[grup.verb]-[sn]-[sp_LNK]-[S]-[grup.adv],1,1
661,[sn]-[grup.verb]-[sp_LNK]-[sadv]-[sn]-[PUNCT],1,1
662,[S]-[PUNCT]-[S_LNK]-[PUNCT]-[S]-[conj]-[S],1,1
663,[neg]-[grup.verb]-[sn]-[sp_LNK]-[sadv]-[PUNCT],1,1
664,[neg]-[grup.verb]-[sn]-[S_LNK]-[S]-[PUNCT],1,1
665,[sp]-[grup.verb]-[sn]-[sp_LNK]-[neg]-[grup.verb]-[sp],2,1
666,[grup.verb]-[sn]-[sp_LNK]-[sadv]-[PUNCT]-[sadv]-[sadv]-[grup.verb]-[infinitiu]-[sp]-[sn]-[grup.verb]-[s.a],2,1
667,[grup.verb]-[sn]-[sp_LNK]-[sp]-[PUNCT]-[gerundi]-[sp],7,1
668,[sn]-[grup.verb]-[sn]-[sp_LNK]-[ADP],1,1
669,[grup.verb]-[sn]-[sp_LNK]-[S]-[PUNCT]-[PUNCT],1,1
670,[S]-[conj_LNK]-[S]-[conj]-[S]-[S]-[S]-[conj]-[S]-[PUNCT],1,1
671,[sn]-[grup.verb]-[sp_LNK]-[conj]-[neg]-[grup.verb]-[sp]-[infinitiu],2,1
